<?xml version="1.0" encoding="UTF-8"?>
<!DOCTYPE suite SYSTEM "http://testng.org/testng-1.0.dtd">
<suite name="Suite" verbose = "5">
	<parameter name="url" value="https://rportaltest.hiperos.com/Account/Login" />
	<parameter name="username" value="asatthy@tdtestsupplier.com" />
	<parameter name="password" value="coupa@123" />
  <test thread-count="5" name="Test">
    <classes>
      <!-- class name="tests.TC002_SubmitCA2"/-->
      <!--class name="tests.TC003_SubmitLaunchpad"/-->
      <!--class name="tests.TC002_SubmitComplianceCA"/-->
      <class name="tests.TC002_SubmitDisasterRecoveryCA"/>
    </classes>
  </test> <!-- Test -->
</suite> <!-- Suite -->
